Name	Class
000000	ape
000001	ape
000002	ape
000003	ape
000004	ape
000005	ape
000006	ape
000007	ape
000008	ape
000009	ape
000010	ape
000011	ape
000012	ape
000013	ape
000014	ape
000015	ape
000016	ape
000017	ape
000018	ape
000019	ape
000020	ape
000021	ape
000022	ape
000023	ape
000024	ape
000025	ape
000026	ape
000027	ape
000028	ape
000029	ape
000030	ape
000031	ape
000032	ape
000033	ape
000034	ape
000035	ape
000036	ape
000037	ape
000038	ape
000039	ape
000040	ape
000041	ape
000042	ape
000043	ape
000044	ape
000045	ape
000046	ape
000047	ape
000048	ape
000049	ape
000050	ape
000051	ape
000052	ape
000053	ape
000054	ape
000055	ape
000056	ape
000057	ape
000058	ape
000059	ape
000060	ape
000061	ape
000062	ape
000063	ape
000064	ape
000065	ape
000066	ape
000067	ape
000068	ape
000069	ape
000070	ape
000071	ape
000072	ape
000073	ape
000074	ape
000075	ape
000076	ape
000077	ape
000078	ape
000079	ape
000080	ape
000081	ape
000082	ape
000083	ape
000084	ape
000085	ape
000086	ape
000087	ape
000088	ape
000089	ape
000090	ape
000091	ape
000092	ape
000093	ape
000094	ape
000095	ape
000096	ape
000097	ape
000098	ape
000099	ape
000100	ape
000101	ape
000102	ape
000103	ape
000104	ape
000105	ape
000106	ape
000107	ape
000108	ape
000109	ape
000110	ape
000111	ape
000112	ape
000113	ape
000114	ape
000115	ape
000116	ape
000117	ape
000118	ape
000119	ape
000120	ape
000121	ape
000122	ape
000123	ape
000124	ape
000125	ape
000126	ape
000127	ape
000128	ape
000129	ape
000130	ape
000131	ape
000132	ape
000133	ape
000134	ape
000135	ape
000136	ape
000137	ape
000138	ape
000139	ape
000140	ape
000141	ape
000142	ape
000143	ape
000144	ape
000145	ape
000146	ape
000147	ape
000148	ape
000149	ape
000150	ape
000151	ape
000152	ape
000153	ape
000154	ape
000155	ape
000156	ape
000157	ape
000158	ape
000159	ape
000160	ape
000161	ape
000162	ape
000163	ape
000164	ape
000165	ape
000166	ape
000167	ape
000168	ape
000169	ape
000170	ape
000171	ape
000172	ape
000173	ape
000174	ape
000175	ape
000176	ape
000177	ape
000178	ape
000179	ape
000180	ape
000181	ape
000182	ape
000183	ape
000184	ape
000185	ape
000186	ape
000187	ape
000188	ape
000189	ape
000190	ape
000191	ape
000192	ape
000193	ape
000194	ape
000195	ape
000196	ape
000197	ape
000198	ape
000199	ape
000200	ape
000201	ape
000202	ape
000203	ape
000204	ape
000205	ape
000206	ape
000207	ape
000208	ape
000209	ape
000210	ape
000211	ape
000212	ape
000213	ape
000214	ape
000215	ape
000216	ape
000217	ape
000218	ape
000219	ape
000220	ape
000221	ape
000222	ape
000223	ape
000224	ape
000225	ape
000226	ape
000227	ape
000228	ape
000229	ape
000230	ape
000231	ape
000232	ape
000233	ape
000234	ape
000235	ape
000236	ape
000237	ape
000238	ape
000239	ape
000240	ape
000241	ape
000242	ape
000243	ape
000244	ape
000245	ape
000246	ape
000247	ape
000248	ape
000249	ape
000250	ape
000251	ape
000252	ape
000253	ape
000254	ape
000255	ape
000256	ape
000257	ape
000258	ape
000259	ape
000260	ape
000261	ape
000262	ape
000263	ape
000264	ape
000265	ape
000266	ape
000267	ape
000268	ape
000269	ape
000270	ape
000271	ape
000272	ape
000273	ape
000274	ape
000275	ape
000276	ape
000277	ape
000278	ape
000279	ape
000280	ape
000281	ape
000282	ape
000283	ape
000284	ape
000285	ape
000286	ape
000287	ape
000288	ape
000289	ape
000290	ape
000291	ape
000292	ape
000293	ape
000294	ape
000295	ape
000296	ape
000297	ape
000298	ape
000299	ape
000300	ape
000301	ape
000302	ape
000303	ape
000304	ape
000305	ape
000306	ape
000307	ape
000308	ape
000309	ape
000310	ape
000311	ape
000312	ape
000313	ape
000314	ape
000315	ape
000316	ape
000317	ape
000318	ape
000319	ape
000320	ape
000321	ape
000322	ape
000323	ape
000324	ape
000325	ape
000326	ape
000327	ape
000328	ape
000329	ape
000330	ape
000331	ape
000332	ape
000333	ape
000334	ape
000335	ape
000336	ape
000337	ape
000338	ape
000339	ape
000340	ape
000341	ape
000342	ape
000343	ape
000344	ape
000345	ape
000346	ape
000347	ape
000348	ape
000349	ape
000350	ape
000351	ape
000352	ape
000353	ape
000354	ape
000355	ape
000356	ape
000357	ape
000358	ape
000359	ape
000360	ape
000361	ape
000362	ape
000363	ape
000364	ape
000365	ape
000366	ape
000367	ape
000368	ape
000369	ape
000370	ape
000371	ape
000372	ape
000373	ape
000374	ape
000375	ape
000376	ape
000377	ape
000378	ape
000379	ape
000380	ape
000381	ape
000382	ape
000383	ape
000384	ape
000385	ape
000386	ape
000387	ape
000388	ape
000389	ape
000390	ape
000391	ape
000392	ape
000393	ape
000394	ape
000395	ape
000396	ape
000397	ape
000398	ape
000399	ape
000400	ape
000401	ape
000402	ape
000403	ape
000404	ape
000405	ape
000406	ape
000407	ape
000408	ape
000409	ape
000410	ape
000411	ape
000412	ape
000413	ape
000414	ape
000415	ape
000416	ape
000417	ape
000418	ape
000419	ape
000420	ape
000421	ape
000422	ape
000423	ape
000424	ape
000425	ape
000426	ape
000427	ape
000428	ape
000429	ape
000430	ape
000431	ape
000432	ape
000433	ape
000434	ape
000435	ape
000436	ape
000437	ape
000438	ape
000439	ape
000440	ape
000441	ape
000442	ape
000443	ape
000444	ape
000445	ape
000446	ape
000447	ape
000448	ape
000449	ape
000450	ape
000451	ape
000452	ape
000453	ape
000454	ape
000455	ape
000456	ape
000457	ape
000458	ape
000459	ape
000460	ape
000461	ape
000462	ape
000463	ape
000464	ape
000465	ape
000466	ape
000467	ape
000468	ape
000469	ape
000470	ape
000471	ape
000472	ape
000473	ape
000474	ape
000475	ape
000476	ape
000477	ape
000478	ape
000479	ape
000480	ape
000481	ape
000482	ape
000483	ape
000484	ape
000485	ape
000486	ape
000487	ape
000488	ape
000489	ape
000490	ape
000491	ape
000492	ape
000493	ape
000494	ape
000495	ape
000496	ape
000497	ape
000498	ape
000499	ape
000500	ape
000501	ape
000502	ape
000503	ape
000504	ape
000505	ape
000506	ape
000507	ape
000508	ape
000509	ape
000510	ape
000511	ape
000512	ape
000513	ape
000514	ape
000515	ape
000516	ape
000517	ape
000518	ape
000519	ape
000520	ape
000521	ape
000522	ape
000523	ape
000524	ape
000525	ape
000526	ape
000527	ape
000528	ape
000529	ape
000530	ape
000531	ape
000532	ape
000533	ape
000534	ape
000535	ape
000536	ape
000537	ape
000538	ape
000539	ape
000540	ape
000541	ape
000542	ape
000543	ape
000544	ape
000545	ape
000546	ape
000547	ape
000548	ape
000549	ape
000550	ape
000551	ape
000552	ape
000553	ape
000554	ape
000555	ape
000556	ape
000557	ape
000558	ape
000559	ape
000560	ape
000561	ape
000562	ape
000563	ape
000564	ape
000565	ape
000566	ape
000567	ape
000568	ape
000569	ape
000570	ape
000571	ape
000572	ape
000573	ape
000574	ape
000575	ape
000576	ape
000577	ape
000578	ape
000579	ape
000580	ape
000581	ape
000582	ape
000583	ape
000584	ape
000585	ape
000586	ape
000587	ape
000588	ape
000589	ape
000590	ape
000591	ape
000592	ape
000593	ape
000594	ape
000595	ape
000596	ape
000597	ape
000598	ape
000599	ape
000600	ape
000601	ape
000602	ape
000603	ape
000604	ape
000605	ape
000606	ape
000607	ape
000608	ape
000609	ape
000610	ape
000611	ape
000612	ape
000613	ape
000614	ape
000615	ape
000616	ape
000617	ape
000618	ape
000619	ape
000620	ape
000621	ape
000622	ape
000623	ape
000624	ape
000625	ape
000626	ape
000627	ape
000628	ape
000629	ape
000630	ape
000631	ape
000632	ape
000633	ape
000634	ape
000635	ape
000636	ape
000637	ape
000638	ape
000639	ape
000640	ape
000641	ape
000642	ape
000643	ape
000644	ape
000645	ape
000646	ape
000647	ape
000648	ape
000649	ape
000650	ape
000651	ape
000652	ape
000653	ape
000654	ape
000655	ape
000656	ape
000657	ape
000658	ape
000659	ape
000660	ape
000661	ape
000662	ape
000663	ape
000664	ape
000665	ape
000666	ape
000667	ape
000668	ape
000669	ape
000670	ape
000671	ape
000672	ape
000673	ape
000674	ape
000675	ape
000676	ape
000677	ape
000678	ape
000679	ape
000680	ape
000681	ape
000682	ape
000683	ape
000684	ape
000685	ape
000686	ape
000687	ape
000688	ape
000689	ape
000690	ape
000691	ape
000692	ape
000693	ape
000694	ape
000695	ape
000696	ape
000697	ape
000698	ape
000699	ape
000700	ape
000701	ape
000702	ape
000703	ape
000704	ape
000705	ape
000706	ape
000707	benchvise
000708	benchvise
000709	benchvise
000710	benchvise
000711	benchvise
000712	benchvise
000713	benchvise
000714	benchvise
000715	benchvise
000716	benchvise
000717	benchvise
000718	benchvise
000719	benchvise
000720	benchvise
000721	benchvise
000722	benchvise
000723	benchvise
000724	benchvise
000725	benchvise
000726	benchvise
000727	benchvise
000728	benchvise
000729	benchvise
000730	benchvise
000731	benchvise
000732	benchvise
000733	benchvise
000734	benchvise
000735	benchvise
000736	benchvise
000737	benchvise
000738	benchvise
000739	benchvise
000740	benchvise
000741	benchvise
000742	benchvise
000743	benchvise
000744	benchvise
000745	benchvise
000746	benchvise
000747	benchvise
000748	benchvise
000749	benchvise
000750	benchvise
000751	benchvise
000752	benchvise
000753	benchvise
000754	benchvise
000755	benchvise
000756	benchvise
000757	benchvise
000758	benchvise
000759	benchvise
000760	benchvise
000761	benchvise
000762	benchvise
000763	benchvise
000764	benchvise
000765	benchvise
000766	benchvise
000767	benchvise
000768	benchvise
000769	benchvise
000770	benchvise
000771	benchvise
000772	benchvise
000773	benchvise
000774	benchvise
000775	benchvise
000776	benchvise
000777	benchvise
000778	benchvise
000779	benchvise
000780	benchvise
000781	benchvise
000782	benchvise
000783	benchvise
000784	benchvise
000785	benchvise
000786	benchvise
000787	benchvise
000788	benchvise
000789	benchvise
000790	benchvise
000791	benchvise
000792	benchvise
000793	benchvise
000794	benchvise
000795	benchvise
000796	benchvise
000797	benchvise
000798	benchvise
000799	benchvise
000800	benchvise
000801	benchvise
000802	benchvise
000803	benchvise
000804	benchvise
000805	benchvise
000806	benchvise
000807	benchvise
000808	benchvise
000809	benchvise
000810	benchvise
000811	benchvise
000812	benchvise
000813	benchvise
000814	benchvise
000815	benchvise
000816	benchvise
000817	benchvise
000818	benchvise
000819	benchvise
000820	benchvise
000821	benchvise
000822	benchvise
000823	benchvise
000824	benchvise
000825	benchvise
000826	benchvise
000827	benchvise
000828	benchvise
000829	benchvise
000830	benchvise
000831	benchvise
000832	benchvise
000833	benchvise
000834	benchvise
000835	benchvise
000836	benchvise
000837	benchvise
000838	benchvise
000839	benchvise
000840	benchvise
000841	benchvise
000842	benchvise
000843	benchvise
000844	benchvise
000845	benchvise
000846	benchvise
000847	benchvise
000848	benchvise
000849	benchvise
000850	benchvise
000851	benchvise
000852	benchvise
000853	benchvise
000854	benchvise
000855	benchvise
000856	benchvise
000857	benchvise
000858	benchvise
000859	benchvise
000860	benchvise
000861	benchvise
000862	benchvise
000863	benchvise
000864	benchvise
000865	benchvise
000866	benchvise
000867	benchvise
000868	benchvise
000869	benchvise
000870	benchvise
000871	benchvise
000872	benchvise
000873	benchvise
000874	benchvise
000875	benchvise
000876	benchvise
000877	benchvise
000878	benchvise
000879	benchvise
000880	benchvise
000881	benchvise
000882	benchvise
000883	benchvise
000884	benchvise
000885	benchvise
000886	benchvise
000887	benchvise
000888	benchvise
000889	benchvise
000890	benchvise
000891	benchvise
000892	benchvise
000893	benchvise
000894	benchvise
000895	benchvise
000896	benchvise
000897	benchvise
000898	benchvise
000899	benchvise
000900	benchvise
000901	benchvise
000902	benchvise
000903	benchvise
000904	benchvise
000905	benchvise
000906	benchvise
000907	benchvise
000908	benchvise
000909	benchvise
000910	benchvise
000911	benchvise
000912	benchvise
000913	benchvise
000914	benchvise
000915	benchvise
000916	benchvise
000917	benchvise
000918	benchvise
000919	benchvise
000920	benchvise
000921	benchvise
000922	benchvise
000923	benchvise
000924	benchvise
000925	benchvise
000926	benchvise
000927	benchvise
000928	benchvise
000929	benchvise
000930	benchvise
000931	benchvise
000932	benchvise
000933	benchvise
000934	benchvise
000935	benchvise
000936	benchvise
000937	benchvise
000938	benchvise
000939	benchvise
000940	benchvise
000941	benchvise
000942	benchvise
000943	benchvise
000944	benchvise
000945	benchvise
000946	benchvise
000947	benchvise
000948	benchvise
000949	benchvise
000950	benchvise
000951	benchvise
000952	benchvise
000953	benchvise
000954	benchvise
000955	benchvise
000956	benchvise
000957	benchvise
000958	benchvise
000959	benchvise
000960	benchvise
000961	benchvise
000962	benchvise
000963	benchvise
000964	benchvise
000965	benchvise
000966	benchvise
000967	benchvise
000968	benchvise
000969	benchvise
000970	benchvise
000971	benchvise
000972	benchvise
000973	benchvise
000974	benchvise
000975	benchvise
000976	benchvise
000977	benchvise
000978	benchvise
000979	benchvise
000980	benchvise
000981	benchvise
000982	benchvise
000983	benchvise
000984	benchvise
000985	benchvise
000986	benchvise
000987	benchvise
000988	benchvise
000989	benchvise
000990	benchvise
000991	benchvise
000992	benchvise
000993	benchvise
000994	benchvise
000995	benchvise
000996	benchvise
000997	benchvise
000998	benchvise
000999	benchvise
001000	benchvise
001001	benchvise
001002	benchvise
001003	benchvise
001004	benchvise
001005	benchvise
001006	benchvise
001007	benchvise
001008	benchvise
001009	benchvise
001010	benchvise
001011	benchvise
001012	benchvise
001013	benchvise
001014	benchvise
001015	benchvise
001016	benchvise
001017	benchvise
001018	benchvise
001019	benchvise
001020	benchvise
001021	benchvise
001022	benchvise
001023	benchvise
001024	benchvise
001025	benchvise
001026	benchvise
001027	benchvise
001028	benchvise
001029	benchvise
001030	benchvise
001031	benchvise
001032	benchvise
001033	benchvise
001034	benchvise
001035	benchvise
001036	benchvise
001037	benchvise
001038	benchvise
001039	benchvise
001040	benchvise
001041	benchvise
001042	benchvise
001043	benchvise
001044	benchvise
001045	benchvise
001046	benchvise
001047	benchvise
001048	benchvise
001049	benchvise
001050	benchvise
001051	benchvise
001052	benchvise
001053	benchvise
001054	benchvise
001055	benchvise
001056	benchvise
001057	benchvise
001058	benchvise
001059	benchvise
001060	benchvise
001061	benchvise
001062	benchvise
001063	benchvise
001064	benchvise
001065	benchvise
001066	benchvise
001067	benchvise
001068	benchvise
001069	benchvise
001070	benchvise
001071	benchvise
001072	benchvise
001073	benchvise
001074	benchvise
001075	benchvise
001076	benchvise
001077	benchvise
001078	benchvise
001079	benchvise
001080	benchvise
001081	benchvise
001082	benchvise
001083	benchvise
001084	benchvise
001085	benchvise
001086	benchvise
001087	benchvise
001088	benchvise
001089	benchvise
001090	benchvise
001091	benchvise
001092	benchvise
001093	benchvise
001094	benchvise
001095	benchvise
001096	benchvise
001097	benchvise
001098	benchvise
001099	benchvise
001100	benchvise
001101	benchvise
001102	benchvise
001103	benchvise
001104	benchvise
001105	benchvise
001106	benchvise
001107	benchvise
001108	benchvise
001109	benchvise
001110	benchvise
001111	benchvise
001112	benchvise
001113	benchvise
001114	benchvise
001115	benchvise
001116	benchvise
001117	benchvise
001118	benchvise
001119	benchvise
001120	benchvise
001121	benchvise
001122	benchvise
001123	benchvise
001124	benchvise
001125	benchvise
001126	benchvise
001127	benchvise
001128	benchvise
001129	benchvise
001130	benchvise
001131	benchvise
001132	benchvise
001133	benchvise
001134	benchvise
001135	benchvise
001136	benchvise
001137	benchvise
001138	benchvise
001139	benchvise
001140	benchvise
001141	benchvise
001142	benchvise
001143	benchvise
001144	benchvise
001145	benchvise
001146	benchvise
001147	benchvise
001148	benchvise
001149	benchvise
001150	benchvise
001151	benchvise
001152	benchvise
001153	benchvise
001154	benchvise
001155	benchvise
001156	benchvise
001157	benchvise
001158	benchvise
001159	benchvise
001160	benchvise
001161	benchvise
001162	benchvise
001163	benchvise
001164	benchvise
001165	benchvise
001166	benchvise
001167	benchvise
001168	benchvise
001169	benchvise
001170	benchvise
001171	benchvise
001172	benchvise
001173	benchvise
001174	benchvise
001175	benchvise
001176	benchvise
001177	benchvise
001178	benchvise
001179	benchvise
001180	benchvise
001181	benchvise
001182	benchvise
001183	benchvise
001184	benchvise
001185	benchvise
001186	benchvise
001187	benchvise
001188	benchvise
001189	benchvise
001190	benchvise
001191	benchvise
001192	benchvise
001193	benchvise
001194	benchvise
001195	benchvise
001196	benchvise
001197	benchvise
001198	benchvise
001199	benchvise
001200	benchvise
001201	benchvise
001202	benchvise
001203	benchvise
001204	benchvise
001205	benchvise
001206	benchvise
001207	benchvise
001208	benchvise
001209	benchvise
001210	benchvise
001211	benchvise
001212	benchvise
001213	benchvise
001214	benchvise
001215	benchvise
001216	benchvise
001217	benchvise
001218	benchvise
001219	benchvise
001220	benchvise
001221	benchvise
001222	benchvise
001223	benchvise
001224	benchvise
001225	benchvise
001226	benchvise
001227	benchvise
001228	benchvise
001229	benchvise
001230	benchvise
001231	benchvise
001232	benchvise
001233	benchvise
001234	benchvise
001235	benchvise
001236	benchvise
001237	benchvise
001238	benchvise
001239	benchvise
001240	benchvise
001241	benchvise
001242	benchvise
001243	benchvise
001244	benchvise
001245	benchvise
001246	benchvise
001247	benchvise
001248	benchvise
001249	benchvise
001250	benchvise
001251	benchvise
001252	benchvise
001253	benchvise
001254	benchvise
001255	benchvise
001256	benchvise
001257	benchvise
001258	benchvise
001259	benchvise
001260	benchvise
001261	benchvise
001262	benchvise
001263	benchvise
001264	benchvise
001265	benchvise
001266	benchvise
001267	benchvise
001268	benchvise
001269	benchvise
001270	benchvise
001271	benchvise
001272	benchvise
001273	benchvise
001274	benchvise
001275	benchvise
001276	benchvise
001277	benchvise
001278	benchvise
001279	benchvise
001280	benchvise
001281	benchvise
001282	benchvise
001283	benchvise
001284	benchvise
001285	benchvise
001286	benchvise
001287	benchvise
001288	benchvise
001289	benchvise
001290	benchvise
001291	benchvise
001292	benchvise
001293	benchvise
001294	benchvise
001295	benchvise
001296	benchvise
001297	benchvise
001298	benchvise
001299	benchvise
001300	benchvise
001301	benchvise
001302	benchvise
001303	benchvise
001304	benchvise
001305	benchvise
001306	benchvise
001307	benchvise
001308	benchvise
001309	benchvise
001310	benchvise
001311	benchvise
001312	benchvise
001313	benchvise
001314	benchvise
001315	benchvise
001316	benchvise
001317	benchvise
001318	benchvise
001319	benchvise
001320	benchvise
001321	benchvise
001322	benchvise
001323	benchvise
001324	benchvise
001325	benchvise
001326	benchvise
001327	benchvise
001328	benchvise
001329	benchvise
001330	benchvise
001331	benchvise
001332	benchvise
001333	benchvise
001334	benchvise
001335	benchvise
001336	benchvise
001337	benchvise
001338	benchvise
001339	benchvise
001340	benchvise
001341	benchvise
001342	benchvise
001343	benchvise
001344	benchvise
001345	benchvise
001346	benchvise
001347	benchvise
001348	benchvise
001349	benchvise
001350	benchvise
001351	benchvise
001352	benchvise
001353	benchvise
001354	benchvise
001355	benchvise
001356	benchvise
001357	benchvise
001358	benchvise
001359	benchvise
001360	benchvise
001361	benchvise
001362	benchvise
001363	benchvise
001364	benchvise
001365	benchvise
001366	benchvise
001367	benchvise
001368	benchvise
001369	benchvise
001370	benchvise
001371	benchvise
001372	benchvise
001373	benchvise
001374	benchvise
001375	benchvise
001376	benchvise
001377	benchvise
001378	benchvise
001379	benchvise
001380	benchvise
001381	benchvise
001382	benchvise
001383	benchvise
001384	benchvise
001385	benchvise
001386	benchvise
001387	benchvise
001388	benchvise
001389	benchvise
001390	benchvise
001391	benchvise
001392	benchvise
001393	benchvise
001394	benchvise
001395	benchvise
001396	benchvise
001397	benchvise
001398	benchvise
001399	benchvise
001400	benchvise
001401	benchvise
001402	benchvise
001403	benchvise
001404	benchvise
001405	benchvise
001406	benchvise
001407	benchvise
001408	benchvise
001409	benchvise
001410	benchvise
001411	benchvise
001412	benchvise
001413	benchvise
001414	cam
001415	cam
001416	cam
001417	cam
001418	cam
001419	cam
001420	cam
001421	cam
001422	cam
001423	cam
001424	cam
001425	cam
001426	cam
001427	cam
001428	cam
001429	cam
001430	cam
001431	cam
001432	cam
001433	cam
001434	cam
001435	cam
001436	cam
001437	cam
001438	cam
001439	cam
001440	cam
001441	cam
001442	cam
001443	cam
001444	cam
001445	cam
001446	cam
001447	cam
001448	cam
001449	cam
001450	cam
001451	cam
001452	cam
001453	cam
001454	cam
001455	cam
001456	cam
001457	cam
001458	cam
001459	cam
001460	cam
001461	cam
001462	cam
001463	cam
001464	cam
001465	cam
001466	cam
001467	cam
001468	cam
001469	cam
001470	cam
001471	cam
001472	cam
001473	cam
001474	cam
001475	cam
001476	cam
001477	cam
001478	cam
001479	cam
001480	cam
001481	cam
001482	cam
001483	cam
001484	cam
001485	cam
001486	cam
001487	cam
001488	cam
001489	cam
001490	cam
001491	cam
001492	cam
001493	cam
001494	cam
001495	cam
001496	cam
001497	cam
001498	cam
001499	cam
001500	cam
001501	cam
001502	cam
001503	cam
001504	cam
001505	cam
001506	cam
001507	cam
001508	cam
001509	cam
001510	cam
001511	cam
001512	cam
001513	cam
001514	cam
001515	cam
001516	cam
001517	cam
001518	cam
001519	cam
001520	cam
001521	cam
001522	cam
001523	cam
001524	cam
001525	cam
001526	cam
001527	cam
001528	cam
001529	cam
001530	cam
001531	cam
001532	cam
001533	cam
001534	cam
001535	cam
001536	cam
001537	cam
001538	cam
001539	cam
001540	cam
001541	cam
001542	cam
001543	cam
001544	cam
001545	cam
001546	cam
001547	cam
001548	cam
001549	cam
001550	cam
001551	cam
001552	cam
001553	cam
001554	cam
001555	cam
001556	cam
001557	cam
001558	cam
001559	cam
001560	cam
001561	cam
001562	cam
001563	cam
001564	cam
001565	cam
001566	cam
001567	cam
001568	cam
001569	cam
001570	cam
001571	cam
001572	cam
001573	cam
001574	cam
001575	cam
001576	cam
001577	cam
001578	cam
001579	cam
001580	cam
001581	cam
001582	cam
001583	cam
001584	cam
001585	cam
001586	cam
001587	cam
001588	cam
001589	cam
001590	cam
001591	cam
001592	cam
001593	cam
001594	cam
001595	cam
001596	cam
001597	cam
001598	cam
001599	cam
001600	cam
001601	cam
001602	cam
001603	cam
001604	cam
001605	cam
001606	cam
001607	cam
001608	cam
001609	cam
001610	cam
001611	cam
001612	cam
001613	cam
001614	cam
001615	cam
001616	cam
001617	cam
001618	cam
001619	cam
001620	cam
001621	cam
001622	cam
001623	cam
001624	cam
001625	cam
001626	cam
001627	cam
001628	cam
001629	cam
001630	cam
001631	cam
001632	cam
001633	cam
001634	cam
001635	cam
001636	cam
001637	cam
001638	cam
001639	cam
001640	cam
001641	cam
001642	cam
001643	cam
001644	cam
001645	cam
001646	cam
001647	cam
001648	cam
001649	cam
001650	cam
001651	cam
001652	cam
001653	cam
001654	cam
001655	cam
001656	cam
001657	cam
001658	cam
001659	cam
001660	cam
001661	cam
001662	cam
001663	cam
001664	cam
001665	cam
001666	cam
001667	cam
001668	cam
001669	cam
001670	cam
001671	cam
001672	cam
001673	cam
001674	cam
001675	cam
001676	cam
001677	cam
001678	cam
001679	cam
001680	cam
001681	cam
001682	cam
001683	cam
001684	cam
001685	cam
001686	cam
001687	cam
001688	cam
001689	cam
001690	cam
001691	cam
001692	cam
001693	cam
001694	cam
001695	cam
001696	cam
001697	cam
001698	cam
001699	cam
001700	cam
001701	cam
001702	cam
001703	cam
001704	cam
001705	cam
001706	cam
001707	cam
001708	cam
001709	cam
001710	cam
001711	cam
001712	cam
001713	cam
001714	cam
001715	cam
001716	cam
001717	cam
001718	cam
001719	cam
001720	cam
001721	cam
001722	cam
001723	cam
001724	cam
001725	cam
001726	cam
001727	cam
001728	cam
001729	cam
001730	cam
001731	cam
001732	cam
001733	cam
001734	cam
001735	cam
001736	cam
001737	cam
001738	cam
001739	cam
001740	cam
001741	cam
001742	cam
001743	cam
001744	cam
001745	cam
001746	cam
001747	cam
001748	cam
001749	cam
001750	cam
001751	cam
001752	cam
001753	cam
001754	cam
001755	cam
001756	cam
001757	cam
001758	cam
001759	cam
001760	cam
001761	cam
001762	cam
001763	cam
001764	cam
001765	cam
001766	cam
001767	cam
001768	cam
001769	cam
001770	cam
001771	cam
001772	cam
001773	cam
001774	cam
001775	cam
001776	cam
001777	cam
001778	cam
001779	cam
001780	cam
001781	cam
001782	cam
001783	cam
001784	cam
001785	cam
001786	cam
001787	cam
001788	cam
001789	cam
001790	cam
001791	cam
001792	cam
001793	cam
001794	cam
001795	cam
001796	cam
001797	cam
001798	cam
001799	cam
001800	cam
001801	cam
001802	cam
001803	cam
001804	cam
001805	cam
001806	cam
001807	cam
001808	cam
001809	cam
001810	cam
001811	cam
001812	cam
001813	cam
001814	cam
001815	cam
001816	cam
001817	cam
001818	cam
001819	cam
001820	cam
001821	cam
001822	cam
001823	cam
001824	cam
001825	cam
001826	cam
001827	cam
001828	cam
001829	cam
001830	cam
001831	cam
001832	cam
001833	cam
001834	cam
001835	cam
001836	cam
001837	cam
001838	cam
001839	cam
001840	cam
001841	cam
001842	cam
001843	cam
001844	cam
001845	cam
001846	cam
001847	cam
001848	cam
001849	cam
001850	cam
001851	cam
001852	cam
001853	cam
001854	cam
001855	cam
001856	cam
001857	cam
001858	cam
001859	cam
001860	cam
001861	cam
001862	cam
001863	cam
001864	cam
001865	cam
001866	cam
001867	cam
001868	cam
001869	cam
001870	cam
001871	cam
001872	cam
001873	cam
001874	cam
001875	cam
001876	cam
001877	cam
001878	cam
001879	cam
001880	cam
001881	cam
001882	cam
001883	cam
001884	cam
001885	cam
001886	cam
001887	cam
001888	cam
001889	cam
001890	cam
001891	cam
001892	cam
001893	cam
001894	cam
001895	cam
001896	cam
001897	cam
001898	cam
001899	cam
001900	cam
001901	cam
001902	cam
001903	cam
001904	cam
001905	cam
001906	cam
001907	cam
001908	cam
001909	cam
001910	cam
001911	cam
001912	cam
001913	cam
001914	cam
001915	cam
001916	cam
001917	cam
001918	cam
001919	cam
001920	cam
001921	cam
001922	cam
001923	cam
001924	cam
001925	cam
001926	cam
001927	cam
001928	cam
001929	cam
001930	cam
001931	cam
001932	cam
001933	cam
001934	cam
001935	cam
001936	cam
001937	cam
001938	cam
001939	cam
001940	cam
001941	cam
001942	cam
001943	cam
001944	cam
001945	cam
001946	cam
001947	cam
001948	cam
001949	cam
001950	cam
001951	cam
001952	cam
001953	cam
001954	cam
001955	cam
001956	cam
001957	cam
001958	cam
001959	cam
001960	cam
001961	cam
001962	cam
001963	cam
001964	cam
001965	cam
001966	cam
001967	cam
001968	cam
001969	cam
001970	cam
001971	cam
001972	cam
001973	cam
001974	cam
001975	cam
001976	cam
001977	cam
001978	cam
001979	cam
001980	cam
001981	cam
001982	cam
001983	cam
001984	cam
001985	cam
001986	cam
001987	cam
001988	cam
001989	cam
001990	cam
001991	cam
001992	cam
001993	cam
001994	cam
001995	cam
001996	cam
001997	cam
001998	cam
001999	cam
002000	cam
002001	cam
002002	cam
002003	cam
002004	cam
002005	cam
002006	cam
002007	cam
002008	cam
002009	cam
002010	cam
002011	cam
002012	cam
002013	cam
002014	cam
002015	cam
002016	cam
002017	cam
002018	cam
002019	cam
002020	cam
002021	cam
002022	cam
002023	cam
002024	cam
002025	cam
002026	cam
002027	cam
002028	cam
002029	cam
002030	cam
002031	cam
002032	cam
002033	cam
002034	cam
002035	cam
002036	cam
002037	cam
002038	cam
002039	cam
002040	cam
002041	cam
002042	cam
002043	cam
002044	cam
002045	cam
002046	cam
002047	cam
002048	cam
002049	cam
002050	cam
002051	cam
002052	cam
002053	cam
002054	cam
002055	cam
002056	cam
002057	cam
002058	cam
002059	cam
002060	cam
002061	cam
002062	cam
002063	cam
002064	cam
002065	cam
002066	cam
002067	cam
002068	cam
002069	cam
002070	cam
002071	cam
002072	cam
002073	cam
002074	cam
002075	cam
002076	cam
002077	cam
002078	cam
002079	cam
002080	cam
002081	cam
002082	cam
002083	cam
002084	cam
002085	cam
002086	cam
002087	cam
002088	cam
002089	cam
002090	cam
002091	cam
002092	cam
002093	cam
002094	cam
002095	cam
002096	cam
002097	cam
002098	cam
002099	cam
002100	cam
002101	cam
002102	cam
002103	cam
002104	cam
002105	cam
002106	cam
002107	cam
002108	cam
002109	cam
002110	cam
002111	cam
002112	cam
002113	cam
002114	cam
002115	cam
002116	cam
002117	cam
002118	cam
002119	cam
002120	cam
002121	cat
002122	cat
002123	cat
002124	cat
002125	cat
002126	cat
002127	cat
002128	cat
002129	cat
002130	cat
002131	cat
002132	cat
002133	cat
002134	cat
002135	cat
002136	cat
002137	cat
002138	cat
002139	cat
002140	cat
002141	cat
002142	cat
002143	cat
002144	cat
002145	cat
002146	cat
002147	cat
002148	cat
002149	cat
002150	cat
002151	cat
002152	cat
002153	cat
002154	cat
002155	cat
002156	cat
002157	cat
002158	cat
002159	cat
002160	cat
002161	cat
002162	cat
002163	cat
002164	cat
002165	cat
002166	cat
002167	cat
002168	cat
002169	cat
002170	cat
002171	cat
002172	cat
002173	cat
002174	cat
002175	cat
002176	cat
002177	cat
002178	cat
002179	cat
002180	cat
002181	cat
002182	cat
002183	cat
002184	cat
002185	cat
002186	cat
002187	cat
002188	cat
002189	cat
002190	cat
002191	cat
002192	cat
002193	cat
002194	cat
002195	cat
002196	cat
002197	cat
002198	cat
002199	cat
002200	cat
002201	cat
002202	cat
002203	cat
002204	cat
002205	cat
002206	cat
002207	cat
002208	cat
002209	cat
002210	cat
002211	cat
002212	cat
002213	cat
002214	cat
002215	cat
002216	cat
002217	cat
002218	cat
002219	cat
002220	cat
002221	cat
002222	cat
002223	cat
002224	cat
002225	cat
002226	cat
002227	cat
002228	cat
002229	cat
002230	cat
002231	cat
002232	cat
002233	cat
002234	cat
002235	cat
002236	cat
002237	cat
002238	cat
002239	cat
002240	cat
002241	cat
002242	cat
002243	cat
002244	cat
002245	cat
002246	cat
002247	cat
002248	cat
002249	cat
002250	cat
002251	cat
002252	cat
002253	cat
002254	cat
002255	cat
002256	cat
002257	cat
002258	cat
002259	cat
002260	cat
002261	cat
002262	cat
002263	cat
002264	cat
002265	cat
002266	cat
002267	cat
002268	cat
002269	cat
002270	cat
002271	cat
002272	cat
002273	cat
002274	cat
002275	cat
002276	cat
002277	cat
002278	cat
002279	cat
002280	cat
002281	cat
002282	cat
002283	cat
002284	cat
002285	cat
002286	cat
002287	cat
002288	cat
002289	cat
002290	cat
002291	cat
002292	cat
002293	cat
002294	cat
002295	cat
002296	cat
002297	cat
002298	cat
002299	cat
002300	cat
002301	cat
002302	cat
002303	cat
002304	cat
002305	cat
002306	cat
002307	cat
002308	cat
002309	cat
002310	cat
002311	cat
002312	cat
002313	cat
002314	cat
002315	cat
002316	cat
002317	cat
002318	cat
002319	cat
002320	cat
002321	cat
002322	cat
002323	cat
002324	cat
002325	cat
002326	cat
002327	cat
002328	cat
002329	cat
002330	cat
002331	cat
002332	cat
002333	cat
002334	cat
002335	cat
002336	cat
002337	cat
002338	cat
002339	cat
002340	cat
002341	cat
002342	cat
002343	cat
002344	cat
002345	cat
002346	cat
002347	cat
002348	cat
002349	cat
002350	cat
002351	cat
002352	cat
002353	cat
002354	cat
002355	cat
002356	cat
002357	cat
002358	cat
002359	cat
002360	cat
002361	cat
002362	cat
002363	cat
002364	cat
002365	cat
002366	cat
002367	cat
002368	cat
002369	cat
002370	cat
002371	cat
002372	cat
002373	cat
002374	cat
002375	cat
002376	cat
002377	cat
002378	cat
002379	cat
002380	cat
002381	cat
002382	cat
002383	cat
002384	cat
002385	cat
002386	cat
002387	cat
002388	cat
002389	cat
002390	cat
002391	cat
002392	cat
002393	cat
002394	cat
002395	cat
002396	cat
002397	cat
002398	cat
002399	cat
002400	cat
002401	cat
002402	cat
002403	cat
002404	cat
002405	cat
002406	cat
002407	cat
002408	cat
002409	cat
002410	cat
002411	cat
002412	cat
002413	cat
002414	cat
002415	cat
002416	cat
002417	cat
002418	cat
002419	cat
002420	cat
002421	cat
002422	cat
002423	cat
002424	cat
002425	cat
002426	cat
002427	cat
002428	cat
002429	cat
002430	cat
002431	cat
002432	cat
002433	cat
002434	cat
002435	cat
002436	cat
002437	cat
002438	cat
002439	cat
002440	cat
002441	cat
002442	cat
002443	cat
002444	cat
002445	cat
002446	cat
002447	cat
002448	cat
002449	cat
002450	cat
002451	cat
002452	cat
002453	cat
002454	cat
002455	cat
002456	cat
002457	cat
002458	cat
002459	cat
002460	cat
002461	cat
002462	cat
002463	cat
002464	cat
002465	cat
002466	cat
002467	cat
002468	cat
002469	cat
002470	cat
002471	cat
002472	cat
002473	cat
002474	cat
002475	cat
002476	cat
002477	cat
002478	cat
002479	cat
002480	cat
002481	cat
002482	cat
002483	cat
002484	cat
002485	cat
002486	cat
002487	cat
002488	cat
002489	cat
002490	cat
002491	cat
002492	cat
002493	cat
002494	cat
002495	cat
002496	cat
002497	cat
002498	cat
002499	cat
002500	cat
002501	cat
002502	cat
002503	cat
002504	cat
002505	cat
002506	cat
002507	cat
002508	cat
002509	cat
002510	cat
002511	cat
002512	cat
002513	cat
002514	cat
002515	cat
002516	cat
002517	cat
002518	cat
002519	cat
002520	cat
002521	cat
002522	cat
002523	cat
002524	cat
002525	cat
002526	cat
002527	cat
002528	cat
002529	cat
002530	cat
002531	cat
002532	cat
002533	cat
002534	cat
002535	cat
002536	cat
002537	cat
002538	cat
002539	cat
002540	cat
002541	cat
002542	cat
002543	cat
002544	cat
002545	cat
002546	cat
002547	cat
002548	cat
002549	cat
002550	cat
002551	cat
002552	cat
002553	cat
002554	cat
002555	cat
002556	cat
002557	cat
002558	cat
002559	cat
002560	cat
002561	cat
002562	cat
002563	cat
002564	cat
002565	cat
002566	cat
002567	cat
002568	cat
002569	cat
002570	cat
002571	cat
002572	cat
002573	cat
002574	cat
002575	cat
002576	cat
002577	cat
002578	cat
002579	cat
002580	cat
002581	cat
002582	cat
002583	cat
002584	cat
002585	cat
002586	cat
002587	cat
002588	cat
002589	cat
002590	cat
002591	cat
002592	cat
002593	cat
002594	cat
002595	cat
002596	cat
002597	cat
002598	cat
002599	cat
002600	cat
002601	cat
002602	cat
002603	cat
002604	cat
002605	cat
002606	cat
002607	cat
002608	cat
002609	cat
002610	cat
002611	cat
002612	cat
002613	cat
002614	cat
002615	cat
002616	cat
002617	cat
002618	cat
002619	cat
002620	cat
002621	cat
002622	cat
002623	cat
002624	cat
002625	cat
002626	cat
002627	cat
002628	cat
002629	cat
002630	cat
002631	cat
002632	cat
002633	cat
002634	cat
002635	cat
002636	cat
002637	cat
002638	cat
002639	cat
002640	cat
002641	cat
002642	cat
002643	cat
002644	cat
002645	cat
002646	cat
002647	cat
002648	cat
002649	cat
002650	cat
002651	cat
002652	cat
002653	cat
002654	cat
002655	cat
002656	cat
002657	cat
002658	cat
002659	cat
002660	cat
002661	cat
002662	cat
002663	cat
002664	cat
002665	cat
002666	cat
002667	cat
002668	cat
002669	cat
002670	cat
002671	cat
002672	cat
002673	cat
002674	cat
002675	cat
002676	cat
002677	cat
002678	cat
002679	cat
002680	cat
002681	cat
002682	cat
002683	cat
002684	cat
002685	cat
002686	cat
002687	cat
002688	cat
002689	cat
002690	cat
002691	cat
002692	cat
002693	cat
002694	cat
002695	cat
002696	cat
002697	cat
002698	cat
002699	cat
002700	cat
002701	cat
002702	cat
002703	cat
002704	cat
002705	cat
002706	cat
002707	cat
002708	cat
002709	cat
002710	cat
002711	cat
002712	cat
002713	cat
002714	cat
002715	cat
002716	cat
002717	cat
002718	cat
002719	cat
002720	cat
002721	cat
002722	cat
002723	cat
002724	cat
002725	cat
002726	cat
002727	cat
002728	cat
002729	cat
002730	cat
002731	cat
002732	cat
002733	cat
002734	cat
002735	cat
002736	cat
002737	cat
002738	cat
002739	cat
002740	cat
002741	cat
002742	cat
002743	cat
002744	cat
002745	cat
002746	cat
002747	cat
002748	cat
002749	cat
002750	cat
002751	cat
002752	cat
002753	cat
002754	cat
002755	cat
002756	cat
002757	cat
002758	cat
002759	cat
002760	cat
002761	cat
002762	cat
002763	cat
002764	cat
002765	cat
002766	cat
002767	cat
002768	cat
002769	cat
002770	cat
002771	cat
002772	cat
002773	cat
002774	cat
002775	cat
002776	cat
002777	cat
002778	cat
002779	cat
002780	cat
002781	cat
002782	cat
002783	cat
002784	cat
002785	cat
002786	cat
002787	cat
002788	cat
002789	cat
002790	cat
002791	cat
002792	cat
002793	cat
002794	cat
002795	cat
002796	cat
002797	cat
002798	cat
002799	cat
002800	cat
002801	cat
002802	cat
002803	cat
002804	cat
002805	cat
002806	cat
002807	cat
002808	cat
002809	cat
002810	cat
002811	cat
002812	cat
002813	cat
002814	cat
002815	cat
002816	cat
002817	cat
002818	cat
002819	cat
002820	cat
002821	cat
002822	cat
002823	cat
002824	cat
002825	cat
002826	cat
002827	cat
002828	duck
002829	duck
002830	duck
002831	duck
002832	duck
002833	duck
002834	duck
002835	duck
002836	duck
002837	duck
002838	duck
002839	duck
002840	duck
002841	duck
002842	duck
002843	duck
002844	duck
002845	duck
002846	duck
002847	duck
002848	duck
002849	duck
002850	duck
002851	duck
002852	duck
002853	duck
002854	duck
002855	duck
002856	duck
002857	duck
002858	duck
002859	duck
002860	duck
002861	duck
002862	duck
002863	duck
002864	duck
002865	duck
002866	duck
002867	duck
002868	duck
002869	duck
002870	duck
002871	duck
002872	duck
002873	duck
002874	duck
002875	duck
002876	duck
002877	duck
002878	duck
002879	duck
002880	duck
002881	duck
002882	duck
002883	duck
002884	duck
002885	duck
002886	duck
002887	duck
002888	duck
002889	duck
002890	duck
002891	duck
002892	duck
002893	duck
002894	duck
002895	duck
002896	duck
002897	duck
002898	duck
002899	duck
002900	duck
002901	duck
002902	duck
002903	duck
002904	duck
002905	duck
002906	duck
002907	duck
002908	duck
002909	duck
002910	duck
002911	duck
002912	duck
002913	duck
002914	duck
002915	duck
002916	duck
002917	duck
002918	duck
002919	duck
002920	duck
002921	duck
002922	duck
002923	duck
002924	duck
002925	duck
002926	duck
002927	duck
002928	duck
002929	duck
002930	duck
002931	duck
002932	duck
002933	duck
002934	duck
002935	duck
002936	duck
002937	duck
002938	duck
002939	duck
002940	duck
002941	duck
002942	duck
002943	duck
002944	duck
002945	duck
002946	duck
002947	duck
002948	duck
002949	duck
002950	duck
002951	duck
002952	duck
002953	duck
002954	duck
002955	duck
002956	duck
002957	duck
002958	duck
002959	duck
002960	duck
002961	duck
002962	duck
002963	duck
002964	duck
002965	duck
002966	duck
002967	duck
002968	duck
002969	duck
002970	duck
002971	duck
002972	duck
002973	duck
002974	duck
002975	duck
002976	duck
002977	duck
002978	duck
002979	duck
002980	duck
002981	duck
002982	duck
002983	duck
002984	duck
002985	duck
002986	duck
002987	duck
002988	duck
002989	duck
002990	duck
002991	duck
002992	duck
002993	duck
002994	duck
002995	duck
002996	duck
002997	duck
002998	duck
002999	duck
003000	duck
003001	duck
003002	duck
003003	duck
003004	duck
003005	duck
003006	duck
003007	duck
003008	duck
003009	duck
003010	duck
003011	duck
003012	duck
003013	duck
003014	duck
003015	duck
003016	duck
003017	duck
003018	duck
003019	duck
003020	duck
003021	duck
003022	duck
003023	duck
003024	duck
003025	duck
003026	duck
003027	duck
003028	duck
003029	duck
003030	duck
003031	duck
003032	duck
003033	duck
003034	duck
003035	duck
003036	duck
003037	duck
003038	duck
003039	duck
003040	duck
003041	duck
003042	duck
003043	duck
003044	duck
003045	duck
003046	duck
003047	duck
003048	duck
003049	duck
003050	duck
003051	duck
003052	duck
003053	duck
003054	duck
003055	duck
003056	duck
003057	duck
003058	duck
003059	duck
003060	duck
003061	duck
003062	duck
003063	duck
003064	duck
003065	duck
003066	duck
003067	duck
003068	duck
003069	duck
003070	duck
003071	duck
003072	duck
003073	duck
003074	duck
003075	duck
003076	duck
003077	duck
003078	duck
003079	duck
003080	duck
003081	duck
003082	duck
003083	duck
003084	duck
003085	duck
003086	duck
003087	duck
003088	duck
003089	duck
003090	duck
003091	duck
003092	duck
003093	duck
003094	duck
003095	duck
003096	duck
003097	duck
003098	duck
003099	duck
003100	duck
003101	duck
003102	duck
003103	duck
003104	duck
003105	duck
003106	duck
003107	duck
003108	duck
003109	duck
003110	duck
003111	duck
003112	duck
003113	duck
003114	duck
003115	duck
003116	duck
003117	duck
003118	duck
003119	duck
003120	duck
003121	duck
003122	duck
003123	duck
003124	duck
003125	duck
003126	duck
003127	duck
003128	duck
003129	duck
003130	duck
003131	duck
003132	duck
003133	duck
003134	duck
003135	duck
003136	duck
003137	duck
003138	duck
003139	duck
003140	duck
003141	duck
003142	duck
003143	duck
003144	duck
003145	duck
003146	duck
003147	duck
003148	duck
003149	duck
003150	duck
003151	duck
003152	duck
003153	duck
003154	duck
003155	duck
003156	duck
003157	duck
003158	duck
003159	duck
003160	duck
003161	duck
003162	duck
003163	duck
003164	duck
003165	duck
003166	duck
003167	duck
003168	duck
003169	duck
003170	duck
003171	duck
003172	duck
003173	duck
003174	duck
003175	duck
003176	duck
003177	duck
003178	duck
003179	duck
003180	duck
003181	duck
003182	duck
003183	duck
003184	duck
003185	duck
003186	duck
003187	duck
003188	duck
003189	duck
003190	duck
003191	duck
003192	duck
003193	duck
003194	duck
003195	duck
003196	duck
003197	duck
003198	duck
003199	duck
003200	duck
003201	duck
003202	duck
003203	duck
003204	duck
003205	duck
003206	duck
003207	duck
003208	duck
003209	duck
003210	duck
003211	duck
003212	duck
003213	duck
003214	duck
003215	duck
003216	duck
003217	duck
003218	duck
003219	duck
003220	duck
003221	duck
003222	duck
003223	duck
003224	duck
003225	duck
003226	duck
003227	duck
003228	duck
003229	duck
003230	duck
003231	duck
003232	duck
003233	duck
003234	duck
003235	duck
003236	duck
003237	duck
003238	duck
003239	duck
003240	duck
003241	duck
003242	duck
003243	duck
003244	duck
003245	duck
003246	duck
003247	duck
003248	duck
003249	duck
003250	duck
003251	duck
003252	duck
003253	duck
003254	duck
003255	duck
003256	duck
003257	duck
003258	duck
003259	duck
003260	duck
003261	duck
003262	duck
003263	duck
003264	duck
003265	duck
003266	duck
003267	duck
003268	duck
003269	duck
003270	duck
003271	duck
003272	duck
003273	duck
003274	duck
003275	duck
003276	duck
003277	duck
003278	duck
003279	duck
003280	duck
003281	duck
003282	duck
003283	duck
003284	duck
003285	duck
003286	duck
003287	duck
003288	duck
003289	duck
003290	duck
003291	duck
003292	duck
003293	duck
003294	duck
003295	duck
003296	duck
003297	duck
003298	duck
003299	duck
003300	duck
003301	duck
003302	duck
003303	duck
003304	duck
003305	duck
003306	duck
003307	duck
003308	duck
003309	duck
003310	duck
003311	duck
003312	duck
003313	duck
003314	duck
003315	duck
003316	duck
003317	duck
003318	duck
003319	duck
003320	duck
003321	duck
003322	duck
003323	duck
003324	duck
003325	duck
003326	duck
003327	duck
003328	duck
003329	duck
003330	duck
003331	duck
003332	duck
003333	duck
003334	duck
003335	duck
003336	duck
003337	duck
003338	duck
003339	duck
003340	duck
003341	duck
003342	duck
003343	duck
003344	duck
003345	duck
003346	duck
003347	duck
003348	duck
003349	duck
003350	duck
003351	duck
003352	duck
003353	duck
003354	duck
003355	duck
003356	duck
003357	duck
003358	duck
003359	duck
003360	duck
003361	duck
003362	duck
003363	duck
003364	duck
003365	duck
003366	duck
003367	duck
003368	duck
003369	duck
003370	duck
003371	duck
003372	duck
003373	duck
003374	duck
003375	duck
003376	duck
003377	duck
003378	duck
003379	duck
003380	duck
003381	duck
003382	duck
003383	duck
003384	duck
003385	duck
003386	duck
003387	duck
003388	duck
003389	duck
003390	duck
003391	duck
003392	duck
003393	duck
003394	duck
003395	duck
003396	duck
003397	duck
003398	duck
003399	duck
003400	duck
003401	duck
003402	duck
003403	duck
003404	duck
003405	duck
003406	duck
003407	duck
003408	duck
003409	duck
003410	duck
003411	duck
003412	duck
003413	duck
003414	duck
003415	duck
003416	duck
003417	duck
003418	duck
003419	duck
003420	duck
003421	duck
003422	duck
003423	duck
003424	duck
003425	duck
003426	duck
003427	duck
003428	duck
003429	duck
003430	duck
003431	duck
003432	duck
003433	duck
003434	duck
003435	duck
003436	duck
003437	duck
003438	duck
003439	duck
003440	duck
003441	duck
003442	duck
003443	duck
003444	duck
003445	duck
003446	duck
003447	duck
003448	duck
003449	duck
003450	duck
003451	duck
003452	duck
003453	duck
003454	duck
003455	duck
003456	duck
003457	duck
003458	duck
003459	duck
003460	duck
003461	duck
003462	duck
003463	duck
003464	duck
003465	duck
003466	duck
003467	duck
003468	duck
003469	duck
003470	duck
003471	duck
003472	duck
003473	duck
003474	duck
003475	duck
003476	duck
003477	duck
003478	duck
003479	duck
003480	duck
003481	duck
003482	duck
003483	duck
003484	duck
003485	duck
003486	duck
003487	duck
003488	duck
003489	duck
003490	duck
003491	duck
003492	duck
003493	duck
003494	duck
003495	duck
003496	duck
003497	duck
003498	duck
003499	duck
003500	duck
003501	duck
003502	duck
003503	duck
003504	duck
003505	duck
003506	duck
003507	duck
003508	duck
003509	duck
003510	duck
003511	duck
003512	duck
003513	duck
003514	duck
003515	duck
003516	duck
003517	duck
003518	duck
003519	duck
003520	duck
003521	duck
003522	duck
003523	duck
003524	duck
003525	duck
003526	duck
003527	duck
003528	duck
003529	duck
003530	duck
003531	duck
003532	duck
003533	duck
003534	duck
